<?xml version="1.0"?>
<doc>
    <assembly>
        <name>GMap.NET.WindowsPresentation</name>
    </assembly>
    <members>
        <member name="T:GMap.NET.WindowsPresentation.GMapMarker">
            <summary>
            GMap.NET marker
            </summary>
        </member>
        <member name="P:GMap.NET.WindowsPresentation.GMapMarker.Shape">
            <summary>
            marker visual
            </summary>
        </member>
        <member name="P:GMap.NET.WindowsPresentation.GMapMarker.Position">
            <summary>
            coordinate of marker
            </summary>
        </member>
        <member name="P:GMap.NET.WindowsPresentation.GMapMarker.Map">
            <summary>
            the map of this marker
            </summary>
        </member>
        <member name="F:GMap.NET.WindowsPresentation.GMapMarker.Tag">
            <summary>
            custom object
            </summary>
        </member>
        <member name="P:GMap.NET.WindowsPresentation.GMapMarker.Offset">
            <summary>
            offset of marker
            </summary>
        </member>
        <member name="P:GMap.NET.WindowsPresentation.GMapMarker.LocalPositionX">
            <summary>
            local X position of marker
            </summary>
        </member>
        <member name="P:GMap.NET.WindowsPresentation.GMapMarker.LocalPositionY">
            <summary>
            local Y position of marker
            </summary>
        </member>
        <member name="P:GMap.NET.WindowsPresentation.GMapMarker.ZIndex">
            <summary>
            the index of Z, render order
            </summary>
        </member>
        <member name="M:GMap.NET.WindowsPresentation.GMapMarker.Clear">
            <summary>
            calls Dispose on shape if it implements IDisposable, sets shape to null and clears route
            </summary>
        </member>
        <member name="M:GMap.NET.WindowsPresentation.GMapMarker.UpdateLocalPosition">
            <summary>
            updates marker position, internal access usualy
            </summary>
        </member>
        <member name="M:GMap.NET.WindowsPresentation.GMapMarker.ForceUpdateLocalPosition(GMap.NET.WindowsPresentation.GMapControl)">
            <summary>
            forces to update local marker  position
            dot not call it if you don't really need to ;}
            </summary>
            <param name="m"></param>
        </member>
        <member name="M:GMap.NET.WindowsPresentation.GMapPolygon.CreatePath(System.Collections.Generic.List{System.Windows.Point},System.Boolean)">
            <summary>
            creates path from list of points, for performance set addBlurEffect to false
            </summary>
            <param name="pl"></param>
            <returns></returns>
        </member>
        <member name="M:GMap.NET.WindowsPresentation.GMapRoute.CreatePath(System.Collections.Generic.List{System.Windows.Point},System.Boolean)">
            <summary>
            creates path from list of points, for performance set addBlurEffect to false
            </summary>
            <param name="pl"></param>
            <returns></returns>
        </member>
        <member name="T:GMap.NET.WindowsPresentation.GMapImage">
            <summary>
            image abstraction
            </summary>
        </member>
        <member name="T:GMap.NET.WindowsPresentation.GMapImageProxy">
            <summary>
            image abstraction proxy
            </summary>
        </member>
        <member name="T:GMap.NET.WindowsPresentation.GMapControl">
            <summary>
            GMap.NET control for Windows Presentation
            </summary>
        </member>
        <member name="P:GMap.NET.WindowsPresentation.GMapControl.MapProvider">
            <summary>
            type of map
            </summary>
        </member>
        <member name="P:GMap.NET.WindowsPresentation.GMapControl.Zoom">
            <summary>
            map zoom
            </summary>
        </member>
        <member name="P:GMap.NET.WindowsPresentation.GMapControl.ScaleMode">
            <summary>
            Specifies, if a floating map scale is displayed using a
            stretched, or a narrowed map.
            If <code>ScaleMode</code> is <code>ScaleDown</code>,
            then a scale of 12.3 is displayed using a map zoom level of 13
            resized to the lower level. If the parameter is <code>ScaleUp</code> ,
            then the same scale is displayed using a zoom level of 12 with an
            enlarged scale. If the value is <code>Dynamic</code>, then until a
            remainder of 0.25 <code>ScaleUp</code> is applied, for bigger
            remainders <code>ScaleDown</code>.
            </summary>
        </member>
        <member name="P:GMap.NET.WindowsPresentation.GMapControl.FillEmptyTiles">
            <summary>
            enables filling empty tiles using lower level images
            </summary>
        </member>
        <member name="P:GMap.NET.WindowsPresentation.GMapControl.MaxZoom">
            <summary>
            max zoom
            </summary>
        </member>
        <member name="P:GMap.NET.WindowsPresentation.GMapControl.MinZoom">
            <summary>
            min zoom
            </summary>
        </member>
        <member name="F:GMap.NET.WindowsPresentation.GMapControl.EmptyTileBorders">
            <summary>
            pen for empty tile borders
            </summary>
        </member>
        <member name="F:GMap.NET.WindowsPresentation.GMapControl.SelectionPen">
            <summary>
            pen for Selection
            </summary>
        </member>
        <member name="F:GMap.NET.WindowsPresentation.GMapControl.SelectedAreaFill">
            <summary>
            background of selected area
            </summary>
        </member>
        <!-- Badly formed XML comment ignored for member "F:GMap.NET.WindowsPresentation.GMapControl.EmptytileBrush" -->
        <member name="F:GMap.NET.WindowsPresentation.GMapControl.EmptyTileText">
            <summary>
            text on empty tiles
            </summary>
        </member>
        <member name="P:GMap.NET.WindowsPresentation.GMapControl.MouseWheelZoomType">
            <summary>
            map zooming type for mouse wheel
            </summary>
        </member>
        <member name="P:GMap.NET.WindowsPresentation.GMapControl.MouseWheelZoomEnabled">
            <summary>
            enable map zoom on mouse wheel
            </summary>
        </member>
        <member name="F:GMap.NET.WindowsPresentation.GMapControl.MultiTouchEnabledProperty">
            <summary>
            The multi touch enabled property
            </summary>
        </member>
        <member name="M:GMap.NET.WindowsPresentation.GMapControl.OnMultiTouchEnabledChanged(System.Windows.DependencyObject,System.Windows.DependencyPropertyChangedEventArgs)">
            <summary>
            Handles the <see cref="E:MultiTouchEnabledChanged" /> event.
            </summary>
            <param name="d">The d.</param>
            <param name="e">The <see cref="T:System.Windows.DependencyPropertyChangedEventArgs"/> instance containing the event data.</param>
        </member>
        <member name="P:GMap.NET.WindowsPresentation.GMapControl.MultiTouchEnabled">
            <summary>
            Gets or sets a value indicating whether [multi touch enabled].
            </summary>
            <value><c>true</c> if [multi touch enabled]; otherwise, <c>false</c>.</value>
        </member>
        <member name="F:GMap.NET.WindowsPresentation.GMapControl.DragButton">
            <summary>
            map dragg button
            </summary>
        </member>
        <member name="F:GMap.NET.WindowsPresentation.GMapControl.SelectionUseCircle">
            <summary>
            use circle for selection
            </summary>
        </member>
        <member name="P:GMap.NET.WindowsPresentation.GMapControl.ShowTileGridLines">
            <summary>
            shows tile gridlines
            </summary>
        </member>
        <member name="P:GMap.NET.WindowsPresentation.GMapControl.RetryLoadTile">
            <summary>
            retry count to get tile
            </summary>
        </member>
        <member name="P:GMap.NET.WindowsPresentation.GMapControl.LevelsKeepInMemmory">
            <summary>
            how many levels of tiles are staying decompresed in memory
            </summary>
        </member>
        <member name="F:GMap.NET.WindowsPresentation.GMapControl.selectedArea">
            <summary>
            current selected area in map
            </summary>
        </member>
        <member name="F:GMap.NET.WindowsPresentation.GMapControl.TouchEnabled">
            <summary>
            is touch control enabled
            </summary>
        </member>
        <member name="F:GMap.NET.WindowsPresentation.GMapControl.BoundsOfMap">
            <summary>
            map boundaries
            </summary>
        </member>
        <member name="E:GMap.NET.WindowsPresentation.GMapControl.OnSelectionChange">
            <summary>
            occurs when mouse selection is changed
            </summary>
        </member>
        <member name="F:GMap.NET.WindowsPresentation.GMapControl.Markers">
            <summary>
            list of markers
            </summary>
        </member>
        <member name="F:GMap.NET.WindowsPresentation.GMapControl.MapTranslateTransform">
            <summary>
            current markers overlay offset
            </summary>
        </member>
        <member name="P:GMap.NET.WindowsPresentation.GMapControl.MapCanvas">
            <summary>
            markers overlay
            </summary>
        </member>
        <member name="M:GMap.NET.WindowsPresentation.GMapControl.InvalidateVisual">
            <summary>
            enque built-in thread safe invalidation
            </summary>
        </member>
        <member name="M:GMap.NET.WindowsPresentation.GMapControl.InvalidateVisual(System.Boolean)">
            <summary>
            Invalidates the rendering of the element, and forces a complete new layout
            pass. System.Windows.UIElement.OnRender(System.Windows.Media.DrawingContext)
            is called after the layout cycle is completed. If not forced enques built-in thread safe invalidation
            </summary>
            <param name="forced"></param>
        </member>
        <member name="M:GMap.NET.WindowsPresentation.GMapControl.GMapControl_Loaded(System.Object,System.Windows.RoutedEventArgs)">
            <summary>
            inits core system
            </summary>
            <param name="sender"></param>
            <param name="e"></param>
        </member>
        <member name="M:GMap.NET.WindowsPresentation.GMapControl.GMapControl_SizeChanged(System.Object,System.Windows.SizeChangedEventArgs)">
            <summary>
            recalculates size
            </summary>
            <param name="sender"></param>
            <param name="e"></param>
        </member>
        <member name="M:GMap.NET.WindowsPresentation.GMapControl.RegenerateShape(GMap.NET.WindowsPresentation.IShapable)">
            <summary>
            regenerates shape of route
            </summary>
        </member>
        <member name="M:GMap.NET.WindowsPresentation.GMapControl.UpdateMarkersOffset">
            <summary>
            updates markers overlay offset
            </summary>
        </member>
        <member name="M:GMap.NET.WindowsPresentation.GMapControl.DrawMap(System.Windows.Media.DrawingContext)">
            <summary>
            render map in WPF
            </summary>
            <param name="g"></param>
        </member>
        <member name="M:GMap.NET.WindowsPresentation.GMapControl.ToImageSource">
            <summary>
            gets image of the current view
            </summary>
            <returns></returns>
        </member>
        <member name="M:GMap.NET.WindowsPresentation.GMapControl.SetZoomToFitRect(GMap.NET.RectLatLng)">
            <summary>
            sets zoom to max to fit rect
            </summary>
            <param name="rect">area</param>
            <returns></returns>
        </member>
        <member name="M:GMap.NET.WindowsPresentation.GMapControl.ZoomAndCenterMarkers(System.Nullable{System.Int32})">
            <summary>
            sets to max zoom to fit all markers and centers them in map
            </summary>
            <param name="ZIndex">z index or null to check all</param>
            <returns></returns>
        </member>
        <member name="M:GMap.NET.WindowsPresentation.GMapControl.GetRectOfAllMarkers(System.Nullable{System.Int32})">
            <summary>
            gets rectangle with all objects inside
            </summary>
            <param name="ZIndex">z index or null to check all</param>
            <returns></returns>
        </member>
        <member name="M:GMap.NET.WindowsPresentation.GMapControl.Offset(System.Int32,System.Int32)">
            <summary>
            offset position in pixels
            </summary>
            <param name="x"></param>
            <param name="y"></param>
        </member>
        <member name="M:GMap.NET.WindowsPresentation.GMapControl.UpdateRotationMatrix">
            <summary>
            updates rotation matrix
            </summary>
        </member>
        <member name="P:GMap.NET.WindowsPresentation.GMapControl.IsRotated">
            <summary>
            returs true if map bearing is not zero
            </summary>
        </member>
        <member name="P:GMap.NET.WindowsPresentation.GMapControl.Bearing">
            <summary>
            bearing for rotation of the map
            </summary>
        </member>
        <member name="M:GMap.NET.WindowsPresentation.GMapControl.ApplyRotation(System.Double,System.Double)">
            <summary>
            apply transformation if in rotation mode
            </summary>
        </member>
        <member name="M:GMap.NET.WindowsPresentation.GMapControl.ApplyRotationInversion(System.Double,System.Double)">
            <summary>
            apply transformation if in rotation mode
            </summary>
        </member>
        <member name="P:GMap.NET.WindowsPresentation.GMapControl.HelperLineOption">
            <summary>
            draw lines at the mouse pointer position
            </summary>
        </member>
        <member name="F:GMap.NET.WindowsPresentation.GMapControl.InvertedMouseWheelZooming">
            <summary>
            reverses MouseWheel zooming direction
            </summary>
        </member>
        <member name="F:GMap.NET.WindowsPresentation.GMapControl.IgnoreMarkerOnMouseWheel">
            <summary>
            lets you zoom by MouseWheel even when pointer is in area of marker
            </summary>
        </member>
        <member name="F:GMap.NET.WindowsPresentation.GMapControl.DisableAltForSelection">
            <summary>
            if true, selects area just by holding mouse and moving
            </summary>
        </member>
        <member name="M:GMap.NET.WindowsPresentation.GMapControl.OnManipulationDelta(System.Windows.Input.ManipulationDeltaEventArgs)">
            <summary>
            Called when the <see cref="E:System.Windows.UIElement.ManipulationDelta" /> event occurs.
            </summary>
            <param name="e">The data for the event.</param>
        </member>
        <member name="M:GMap.NET.WindowsPresentation.GMapControl.SingleTouchPanMap(System.Windows.Point)">
            <summary>
            Singles the touch pan map.
            </summary>
            <param name="deltaPoint">The delta point.</param>
        </member>
        <member name="M:GMap.NET.WindowsPresentation.GMapControl.OnManipulationCompleted(System.Windows.Input.ManipulationCompletedEventArgs)">
            <summary>
            Called when the <see cref="E:System.Windows.UIElement.ManipulationCompleted" /> event occurs.
            </summary>
            <param name="e">The data for the event.</param>
        </member>
        <!-- Badly formed XML comment ignored for member "M:GMap.NET.WindowsPresentation.GMapControl.ReloadMap" -->
        <member name="M:GMap.NET.WindowsPresentation.GMapControl.SetPositionByKeywords(System.String)">
            <summary>
            sets position using geocoder
            </summary>
            <param name="keys"></param>
            <returns></returns>
        </member>
        <member name="M:GMap.NET.WindowsPresentation.GMapControl.GetPositionByKeywords(System.String)">
            <summary>
            gets position using geocoder
            </summary>
            <param name="keys"></param>
            <returns></returns>
        </member>
        <member name="P:GMap.NET.WindowsPresentation.GMapControl.Position">
            <summary>
            current coordinates of the map center
            </summary>
        </member>
        <member name="E:GMap.NET.WindowsPresentation.GMapControl.OnMapTypeChanged">
            <summary>
            occures on map type changed
            </summary>
        </member>
        <member name="E:GMap.NET.WindowsPresentation.GMapControl.OnEmptyTileError">
            <summary>
            occurs on empty tile displayed
            </summary>
        </member>
        <member name="F:GMap.NET.WindowsPresentation.ScaleModes.Integer">
            <summary>
            no scaling
            </summary>
        </member>
        <member name="F:GMap.NET.WindowsPresentation.ScaleModes.ScaleUp">
            <summary>
            scales to fractional level using a stretched tiles, any issues -> http://greatmaps.codeplex.com/workitem/16046
            </summary>
        </member>
        <member name="F:GMap.NET.WindowsPresentation.ScaleModes.ScaleDown">
            <summary>
            scales to fractional level using a narrowed tiles, any issues -> http://greatmaps.codeplex.com/workitem/16046
            </summary>
        </member>
        <member name="F:GMap.NET.WindowsPresentation.ScaleModes.Dynamic">
            <summary>
            scales to fractional level using a combination both stretched and narrowed tiles, any issues -> http://greatmaps.codeplex.com/workitem/16046
            </summary>
        </member>
        <member name="T:GMap.NET.WindowsPresentation.TilePrefetcher">
            <summary>
            form helping to prefetch tiles on local db
            </summary>
            <summary>
            TilePrefetcher
            </summary>
        </member>
        <member name="M:GMap.NET.WindowsPresentation.TilePrefetcher.InitializeComponent">
            <summary>
            InitializeComponent
            </summary>
        </member>
    </members>
</doc>
